,0
numeric__C13,0.04385577920000513
numeric__C5,0.030739066050552547
numeric__V69,0.02804202073730975
numeric__C2,0.0248280404099628
numeric__V317,0.022714942133724624
numeric__V29,0.02254695769193469
numeric__V90,0.020655886223395047
numeric__V265,0.019545704093178882
numeric__V258,0.019263386492145422
numeric__card1_amt_mean,0.018854446084970958
numeric__V294,0.018186361060019033
numeric__V219,0.01750519894320042
numeric__TransactionAmt,0.017204835165523957
numeric__card1_amt_std,0.016935266709164783
numeric__D2,0.016846761126509152
numeric__V264,0.015986293192381776
numeric__V257,0.015847186928676905
numeric__TransactionAmt_log,0.01563940877702893
numeric__V318,0.01454215760410458
numeric__V283,0.014221885493616191
numeric__V280,0.013351489131867376
numeric__V308,0.01322994369443481
numeric__card1_txn_count,0.012919194761122809
numeric__card1_amt_zscore,0.01279055652014967
numeric__D3,0.011655752743061779
numeric__TransactionAmt_decimal,0.011601313226230427
numeric__D15,0.011516238745050965
numeric__V306,0.011407331966853363
numeric__card2,0.010459644057318186
numeric__V263,0.010371496696600398
numeric__card1,0.01031262574676076
numeric__V307,0.010282872338248575
numeric__V199,0.010189387087917069
numeric__V218,0.010043429437738624
categorical__card6_debit,0.00986656366748722
categorical__card6_credit,0.009687171605575147
numeric__V232,0.009638185006705222
numeric__V201,0.00946777111328995
numeric__V204,0.009402315238941106
categorical__M4_missing,0.009349464731940515
numeric__V133,0.008946042198633973
numeric__V48,0.008751251953340042
numeric__V282,0.008591114457276335
numeric__card3,0.008494727895693631
numeric__V217,0.007909983527395048
numeric__D10,0.007796722935475476
numeric__V243,0.007424840049807895
numeric__V274,0.007389433055585304
categorical__ProductCD_C,0.007261251199117641
numeric__D5,0.007257800546385525
numeric__addr1,0.006896946435848762
numeric__V128,0.006877622537428289
numeric__V168,0.00650845012018642
numeric__V102,0.00636010479032777
numeric__V279,0.006302573548664904
numeric__V134,0.005837288558029869
numeric__V246,0.005673219996977932
numeric__V200,0.005656478220530293
numeric__id_17,0.005606077573445034
numeric__D8,0.00544251470082483
numeric__id_31,0.005259208144338977
numeric__card5,0.005154605784209119
numeric__V52,0.005123322390283608
numeric__V230,0.0050641722902284424
categorical__R_emaildomain_grouped_missing,0.005036976001060516
numeric__V34,0.005015302252412734
numeric__id_02,0.004816387502792275
categorical__R_emaildomain_grouped_gmail.com,0.004792289633613037
numeric__C9,0.004607276685998047
numeric__V275,0.004436496443016849
categorical__id_35_F,0.004373597749707119
numeric__V126,0.004099078798081331
numeric__V187,0.004097520786789674
numeric__V170,0.0038876857711352265
categorical__M4_M2,0.003886994780816889
numeric__V171,0.003863994909417587
numeric__V45,0.00378199714658858
numeric__V79,0.0037602137712151595
numeric__V87,0.003528638294949398
numeric__V202,0.0034990635842257188
numeric__id_01,0.003485682910584163
numeric__V62,0.0031659112031869035
numeric__V53,0.0031424150725314903
numeric__V178,0.0030236444234260067
numeric__V44,0.002951952038159572
numeric__V156,0.0029282308027426874
numeric__V179,0.0029262858411172052
numeric__V233,0.0028780590033239926
numeric__V167,0.0028294083931347884
numeric__D14_was_missing,0.0028271896391892965
categorical__R_emaildomain_grouped_anonymous.com,0.0027726652314028605
categorical__DeviceType_mobile,0.0027218087582928214
numeric__V158,0.0026789254468052442
numeric__id_20,0.002666292600213345
numeric__id_06,0.002576124129847662
numeric__D6_was_missing,0.002562052062345623
numeric__V81,0.0024159626989348217
numeric__V83,0.002415213380421398
numeric__V103,0.002410254760958799
categorical__ProductCD_R,0.0022795823806468123
categorical__ProductCD_W,0.0022050836533896775
numeric__V212,0.0020067565436483496
numeric__V12,0.0019668231649859007
numeric__V213,0.001910687992418661
numeric__V61,0.001905215210535398
numeric__V67,0.0018818801628868358
numeric__id_19,0.0018252927199822174
categorical__R_emaildomain_grouped_hotmail.com,0.0018015483425290744
numeric__V38,0.0017910956470806407
numeric__V189,0.0017868551775636209
numeric__V231,0.001769976069061292
categorical__M4_M0,0.0017391005384493616
numeric__V82,0.0017272044202112586
categorical__DeviceType_desktop,0.0016997200528085978
numeric__V86,0.0016989531214622311
numeric__V222,0.0016949024133335606
numeric__V303,0.001657892906146502
numeric__V157,0.0016468745274602259
numeric__V78,0.0015957407825678968
numeric__V93,0.0015483906365016031
numeric__V244,0.0015443231644774954
numeric__V20,0.0014884724387366336
numeric__V259,0.0014586146634773451
categorical__ProductCD_H,0.0014207765423883177
numeric__V56,0.001381080218567231
categorical__id_12_NotFound,0.0013055352955514922
numeric__id_13_was_missing,0.0011859211119007263
categorical__id_38_missing,0.001183794402421952
numeric__V154,0.0011338354726967066
categorical__id_36_F,0.0011020987855615185
numeric__V47,0.0010826759088427473
categorical__M4_M1,0.001068472289394373
numeric__V273,0.0010539262704861569
numeric__D9,0.0010428290831392178
numeric__V39,0.0010405124613566787
numeric__V37,0.0010226917553350775
numeric__V40,0.0010081528932549006
categorical__id_29_missing,0.0009888534586190865
numeric__id_13,0.0009856824738702136
numeric__V290,0.0009623037890410437
numeric__V18,0.0009449200069025046
categorical__id_34_missing,0.0009402646461126773
categorical__id_34_match_status:2,0.0009275433399881856
numeric__V155,0.0009172207219345566
categorical__id_38_T,0.0009136174028427274
categorical__id_35_T,0.0008558885488126666
categorical__id_38_F,0.0008250038385216415
numeric__V261,0.000802418809750383
numeric__V262,0.0007994354896147817
categorical__DeviceType_missing,0.000758237767214525
numeric__D13_was_missing,0.0007106638536818875
categorical__id_12_Found,0.0007036119124252361
numeric__V245,0.000669971355858027
categorical__id_15_missing,0.0006581398660837453
categorical__id_35_missing,0.0006304163399371989
numeric__V43,0.0006275932917464143
categorical__id_37_missing,0.0005866727964561866
numeric__V188,0.0005846165789671714
numeric__V176,0.0005755705629307559
numeric__V256,0.0005699049330186815
categorical__id_28_missing,0.0005362256029644469
categorical__id_12_missing,0.0005291745744264077
numeric__V23,0.0005270211834520953
numeric__V228,0.0005209725518039829
categorical__id_36_missing,0.0005185937072666814
numeric__V186,0.0004494372708867914
categorical__id_15_New,0.0004457939331770162
categorical__id_34_match_status:1,0.00044027539274921516
numeric__V251,0.0004237915329399015
categorical__id_37_T,0.0004192349048373508
categorical__id_16_NotFound,0.0004123899969416261
categorical__ProductCD_S,0.00040689065254647283
numeric__id_16_was_missing,0.0003755139573985953
categorical__id_15_Found,0.00034728155872174493
categorical__id_16_Found,0.0003352086307231782
categorical__id_37_F,0.0002840348339303088
categorical__id_28_New,0.00027633530175612573
categorical__id_29_Found,0.00027209948427937456
categorical__id_28_Found,0.00025610036861109466
categorical__id_36_T,0.00025083376872667715
categorical__id_16_missing,0.00024839047713868487
categorical__R_emaildomain_grouped_yahoo.com,0.0002375751730557464
categorical__id_29_NotFound,0.00021284925753304858
numeric__V195,0.00020529081130739616
categorical__R_emaildomain_grouped_yahoo.com.mx,0.00011863868009074403
categorical__id_15_Unknown,0.00011652680889659715
categorical__R_emaildomain_grouped_other,0.00010114294977326389
categorical__R_emaildomain_grouped_outlook.com,7.044684760934038e-05
categorical__card6_missing,3.81630588231157e-05
categorical__R_emaildomain_grouped_aol.com,3.46133945382616e-05
categorical__R_emaildomain_grouped_icloud.com,1.4290857710200312e-05
categorical__R_emaildomain_grouped_live.com,1.2899978915256196e-05
categorical__R_emaildomain_grouped_comcast.net,4.430135131297426e-06
categorical__R_emaildomain_grouped_live.com.mx,2.9670898003159426e-06
categorical__R_emaildomain_grouped_msn.com,7.251841007570744e-07
categorical__id_34_match_status:0,3.220286747644627e-07
categorical__card6_debit or credit,0.0
categorical__R_emaildomain_grouped_verizon.net,0.0
categorical__R_emaildomain_grouped_me.com,0.0
categorical__card6_charge card,0.0
categorical__R_emaildomain_grouped_sbcglobal.net,0.0
categorical__id_34_match_status:-1,0.0
