Component,Feature,Implementation_Status,Verification_Method,Evidence_Path,Verified_Result,Limitation,Report_Section
Milestone 1 - Data Security,Field-level encryption of PII columns,Implemented,Locally tested,reports/ (Milestone 1 artifacts) + src/data/validators.py::_check_pii_columns_encrypted,Fernet symmetric encryption (AES-128-CBC + HMAC authentication) applied to sensitive fields,Not AES-256 as some downstream docs state; Milestone 1 artifacts consumed not owned by this repo,Chapter 6
Milestone 1 - Data Security,Data classification (Public/Internal/Confidential/Restricted),Documented target state,Dry-run verified,reports/ classification report,Classification labels applied to columns including CreditCardNumber,CreditCardNumber classified as Restricted in Milestone 1 report but tracked without independent lineage flag elsewhere - documentation gap noted,Chapter 6
Milestone 1 - Data Security,Data lineage tracking,Implemented,Locally tested,src/data/secure_data_loader.py (DatasetManifest),Dataset-version hash e457d0eb2c3b9e45 generated and referenced across all downstream modules,Chapter 6; Chapter 4
Milestone 1 - Data Security,Protected storage (Azure Blob),Documented target state,Not independently verified,reports/ architecture description,No live Azure Blob Storage instance provisioned or verified in this repository,Target-state only; no credentials or live endpoint exist,Chapter 6
Module 1 - Data Validation,Schema and dtype validation,Implemented and experimentally verified,Unit tested + locally run,src/data/validators.py; tests/test_validators.py,9 checks executed (7 critical + 2 warning) against real 590540-row dataset; all 9 passed,Chapter 7
Module 1 - Data Validation,PII-encryption independent verification,Implemented and experimentally verified,Unit tested,src/data/validators.py::_check_pii_columns_encrypted; tests/test_validators.py,Confirms sensitive fields are actually encrypted rather than trusting upstream classification report,Chapter 7
Module 2 - Feature Engineering,Six engineering transformers (time, amount, email-domain, card-velocity, frequency-encoding, missing-indicator),Implemented and experimentally verified,Locally run + unit tested,src/features/engineering.py; tests/test_feature_engineering.py,466 candidate features generated from raw columns with no test-fold information leakage,Chapter 8
Module 2 - Feature Selection,Four-method funnel (near-zero-variance, correlation-redundancy, mutual information, embedded RF importance),Implemented and experimentally verified,Locally run + unit tested,src/features/selection.py; tests/test_feature_selection.py; reports_m2/feature_selection_summary.json,466 candidates reduced to 150 selected features (135 numeric + 15 categorical),Chapter 8
Module 3 - Model Development,Five model families trained and compared with hyperparameter tuning,Implemented and experimentally verified,Locally run + unit tested,src/models/train.py; src/models/tune.py; reports_m3/model_comparison_leaderboard.csv; tests/test_tune.py; tests/test_comparison.py,LightGBM selected as best model; full leaderboard with best_params captured verbatim in Appendix C,Chapter 9
Module 3 - Model Development,LightGBM final performance (ROC-AUC / PR-AUC),Implemented and experimentally verified,Locally run,reports_m3/model_comparison_leaderboard.csv; figures/fig9_1-fig9_7,ROC-AUC 0.8807, PR-AUC 0.4869 on real holdout set,Class imbalance means PR-AUC is the more informative metric than ROC-AUC,Chapter 9
Module 3 - Model Development,Self-contained inference bundle artifact,Implemented and experimentally verified,Unit tested,src/models/inference_bundle.py; tests/test_inference_bundle.py; tests/test_pipeline_persistence.py,Persists model + preprocessing pipeline as one reusable joblib artifact,Chapter 9; Chapter 12
Module 4 - Differential Privacy,DP-SGD training with per-example gradient clipping,Implemented and experimentally verified,Locally run + unit tested,src/privacy/dp_model.py; tests/test_dp_model.py; tests/test_dp_experiment.py,Differentially private neural network trained successfully with verified clipping behavior,Chapter 10
Module 4 - Differential Privacy,RDP privacy accounting (epsilon computation),Implemented and experimentally verified,Locally run + unit tested,src/privacy/privacy_accountant.py; tests/test_privacy_accountant.py; reports_m4/dp_report.md,Authoritative epsilon computed via Renyi Differential Privacy accountant,Chapter 10
Module 4 - Differential Privacy,8-phase root-cause investigation of DP utility loss,Implemented and experimentally verified,Locally run,reports_m4/investigation/investigation_summary.json; scripts/run_module4_investigation.py,Investigation traced utility degradation across 8 phases including a noise-multiplier recovery sweep (Figure 10.3),DP training caused significant utility reduction versus the non-private model; this is reported honestly, not minimized,Chapter 10
Module 4 - Differential Privacy,Architectural/resampling improvements to reduce DP utility loss,Not implemented,Recommended future work,reports_m4/investigation/investigation_summary.json Section 10.9,Identified as a recommendation, not built,Chapter 10; Chapter 25
Module 5 - Fairness Analysis,Fairness metrics (SPD/DIR/EOD/AOD) across three proxy attributes,Implemented and experimentally verified,Locally run + unit tested,src/fairness/*.py; reports_m5/fairness_metrics.csv; reports_m5/group_metrics.csv; tests/test_fairness_metrics.py,card6 DIR=3.996 (95% CI 3.701-4.298), EOD=0.1890 (95% CI 0.1606-0.2188); disparities reported honestly including unfavorable findings,No genuine demographic field exists in the dataset; card6/card4/DeviceType used as proxies only,Chapter 11
Module 5 - Fairness Analysis,Bootstrap confidence intervals and significance testing,Implemented and experimentally verified,Unit tested,src/fairness/statistical_tests.py; tests/test_statistical_tests.py,1000 stratified bootstrap resamples per metric; chi-square/Fisher's exact test per Cochran's rule,Chapter 11
Module 5 - Fairness Analysis,Independent cross-validation against Fairlearn library,Implemented and experimentally verified,Unit tested,tests/test_fairlearn_validation.py,Every compared metric agreed to a difference of exactly 0.0 on real data,Chapter 11
Milestone 3 - Secure Deployment,FastAPI inference service with JWT authentication,Implemented and locally tested,Locally run,app/api/inference.py; app/core/security.py; app/api/auth.py,Real end-to-end request/response captured in Appendix D using the real LightGBM bundle (not a placeholder scorer),Never deployed to a live server accessible outside the local environment,Chapter 13
Milestone 3 - Secure Deployment,Rate limiting,Implemented and locally tested,Locally run,app/core/limiter.py; app/main.py; app/api/auth.py,Stricter limit applied to auth endpoint versus inference endpoint,Chapter 13
Milestone 3 - Secure Deployment,Hardened multi-stage Docker build,Implemented,Locally tested,Dockerfile,Multi-stage build reduces final image attack surface,Not scanned for vulnerabilities (no container image scanning in CI),Chapter 14
Milestone 3 - Secure Deployment,Kubernetes manifests (Namespace/ServiceAccount/Deployment/Service/3x NetworkPolicy),Designed but not deployed,Dry-run validated,k8s/*.yaml; Table 14.1,kubectl apply --dry-run=client succeeds against all manifests,No live Kubernetes cluster; never applied to a real cluster,Chapter 14
Milestone 3 - Secure Deployment,Azure IaC - Network module (VNet/subnets/NSGs),Designed but not deployed,Dry-run validated,iac/terraform/network/*; Table 15.1,terraform validate succeeds; resource definitions inventoried,No terraform apply executed; no live Azure subscription used,Chapter 15
Milestone 3 - Secure Deployment,Azure IaC - AKS module (private cluster/RBAC/Workload Identity),Designed but not deployed,Dry-run validated,iac/terraform/aks/*; Table 15.2,terraform validate succeeds; resource definitions inventoried,No live AKS cluster exists; not claimed as deployed,Chapter 15
Milestone 3 - Secure Deployment,Azure IaC - Key Vault module (public access disabled/private endpoint),Designed but not deployed,Dry-run validated,iac/terraform/keyvault/*; Table 15.3,terraform validate succeeds; resource definitions inventoried,No live Key Vault secret retrieval occurred,Chapter 15
Milestone 3 - Secure Deployment,Azure IaC - Monitoring module (Log Analytics/Defender for Cloud),Designed but not deployed,Dry-run validated,iac/terraform/monitoring/*; Table 15.4,terraform validate succeeds; resource definitions inventoried,No live monitoring data exists,Chapter 15
Milestone 3 - Secure Deployment,Azure IaC - WAF module (Application Gateway WAF_v2/OWASP CRS 3.2),Designed but not deployed,Dry-run validated,iac/terraform/waf/*; docs/WAF_Rules.md; Table 15.5,terraform validate succeeds; custom WAF rules documented,No live WAF blocking has occurred; cannot claim production traffic filtering,Chapter 15
Milestone 3 - Secure Deployment,Security architecture documentation,Documented,Not independently verified beyond text review,docs/Security_Architecture_Documentation.docx,Extracted and reviewed in full; STRIDE table and Key Vault secrets list captured,Describes target architecture; some claims (live AKS) are aspirational and flagged accordingly,Chapter 15; Chapter 16
Milestone 3 - Secure Deployment,Penetration test (10 test cases T1-T10),Implemented and locally tested,Locally tested (per source document),pentest/Penetration_Test_Report_Milestone3.docx,All 10 test cases (T1-T10) reported PASS; 4 findings (F1-F4) documented,Testing was performed against a local/non-production instance per the source report; not a live-production penetration test,Chapter 17
Milestone 4 - Compliance QA,Independent compliance audit of Milestones 1-3,Documented,Not independently verified (third-party document reviewed, not re-executed),compliance/ (Milestone 4 documents),Reviewed in full; 3 documentation inconsistencies identified (AES-256 vs Fernet/AES-128, live-AKS claims vs Terraform-only reality),No formal legal compliance certification is claimed; inconsistencies are framed as documentation/verification gaps, not attributed to individual fault,Chapter 18
Milestone 5 - MLOps,Evidently-based drift monitoring,Implemented and experimentally verified,Locally run,drift_monitor.py; reports_m5/drift_report.html; reports_m5/drift_summary.csv; reports_m5/drift_status.json; tests/test_drift_monitor.py,Executed against real data/processed/{train,test}.csv; produced a fresh drift status classification,Chapter 19
Milestone 5 - MLOps,WORM (write-once-read-many) audit-log upload to Azure Blob,Dry-run verified,Locally run with --dry-run,worm_storage.py; tests/test_worm_storage.py,--dry-run lists real audit files (reports_m5/, reports_m4/, reports/) without uploading; no real Azure Storage credentials configured,No live upload has ever been performed; WORM immutability itself is unverified beyond the dry-run file-selection logic,Chapter 20
Milestone 5 - MLOps,CI/CD pipeline (GitHub Actions),Implemented and experimentally verified,Locally run (workflow logic) + CI execution,.github/workflows/mlops-pipeline.yml,Two real bugs found and fixed during integration: --features flag mismatch and working-directory path mismatch (both would have caused the workflow to fail on a real checkout),Fail-pipeline gate only triggers on critical findings plus real (non-synthetic) data,Chapter 21
Testing,Full automated test suite,Implemented and experimentally verified,Unit tested (pytest),tests/ (35 files); pytest --collect-only -q,178 tests collected and passing, cross-verified 3 independent ways after correcting an initial sub-agent miscount of 174,Unit/integration-level only; no live end-to-end system test against deployed infrastructure exists because no infrastructure is deployed,Chapter 22
Requirements Traceability,Functional and non-functional requirements mapped to implementing files,Documented,Derived directly from repository inspection,Table 3.1; Table 3.2; Appendix F,Every FR/NFR links to at least one implementing file and, where applicable, a test file,Chapter 3
Threat Model,STRIDE and ML/supply-chain threat tables,Documented,Not independently verified via live red-team exercise,Table 16.1; Table 16.2,Threats mapped to assets, attack vectors, existing controls, residual risk, and verification status,Threat model is an analytical exercise conducted for this report, not a certified third-party assessment,Chapter 16
